title,link,description,bloggername,bloggerlink,postdate
로시의 월간일기 | 2026년 1월 | 인사발령이란 뭘까 | 크로스핏... ,https://blog.naver.com/rothydaily/224214388962,덕이에요 렉스트림을 갔어요!! 1회 경험자^^ 물론 관객으로… 언니들 스타일리스트로 감ㅋㅋ 헤어... 렉스트림 끝내고 송이네 가서 오리주물럭! 여기 왜이리 맛있어… 지수언니 너무 웃김ㅋㅋ 머리 풀려 집중... ,Rothy’s Daily,blog.naver.com/rothydaily,20260312
[우당탕탕탕 크로스핏.]-1월. 2026년을 시작합니다. 편.,https://blog.naver.com/jbr0704/224206613756,라이노 체고최고쵝5~~~~~~ 기억에 남을 영상들~~ 아 렉스트림 사진 너무 잘 찍어주시는대요? 채영 구출작전! 채영으로 인해ㅋㅋㅋㅋㅋㅋㅋㅋㅋㅋㅋ 영선님은 신이 났다고 한다. (누구라도 즐거웠으면 됐지. 웅.... ,호잇,blog.naver.com/jbr0704,20260306
해피한 에듀케이터,https://blog.naver.com/photo_jt/224205880087,다음날 렉스트림 대회 있어서 잠실에서 잤다! 1/24 전날 동쌤이 사먹고 냄겨준 두바이와플 대회... 진짜 렉스트림 감동만 남았던 대회 쨌든 솥밥 먹구 상아가 사주는 커피 먹구 잠실 넘어와서 닭갈비 묵었다 ㅎㅎ... ,(정)답없음,blog.naver.com/photo_jt,20260305
26.1 크로스핏 OPEN 룰 및 꿀팁,https://blog.naver.com/crossfitrnl_su/224202351094,크로스핏추천 #크로스핏후기 #크로스핏체험 #하이록스 트레이닝 #크로스핏일상 #헬스운동 #체력운동 #다이어트운동 #하이록스 #런앤리프트 태릉#런앤리프트#렉스트림 #먹골크로스핏 #태릉크로스핏,⠀⠀,blog.naver.com/crossfitrnl_su,20260303
"한남동PT, 현직 트레이너의 하이브리드 레이스 '렉스트림... ",https://blog.naver.com/juhodang2/224189325202,"이번에 로케트배터리에서 한국형 하이록스인 렉스트림(Rextreme)을 개최했습니다. 하이록스와 다른... 한남동PT, 파프짐 한남점 정의성 매니저 하이브리드 레이스 렉스트림(Rextreme) 종목에 대해서 간단히... ",파프짐 공식 2호 블로그,blog.naver.com/juhodang2,20260220
"달리기빠진 하이록스, 26 렉스트림 레이스 선수 &amp; 저지 꿀팁",https://blog.naver.com/forsythia12/224187322306,물론 올해 인천도 신청했지만..ㅎㅎ '렉스트림 레이스' 지구력과 정신력을 테스트 할 수 있는 6가지... 정말 빵빵했던 키트  [공통 키트 물품] - 렉스트림 리유저블 백 - 렉스트림 스포츠 타월 - 로케트... ,good enough,blog.naver.com/forsythia12,20260218
Yㅖ 저 왔습니다,https://blog.naver.com/dbswjd4758/224183528362,은서랑 주토피아 보다가 새해 맞음요 25년 마지막날에 그냥 가챠만 ㅈㄴ한 여자들됨 처음으로 유산소를 곁들인 대회를 나가줬습니다 렉스트림이라고 로케트배터리 회사에서 만든 하이브리드 대회랍죠 진짜... ,내가 보는 일기장,blog.naver.com/dbswjd4758,20260214
단대오거리역 PT] 한별쌤의 2026년 렉스트림 첫 대회 출전 후기,https://blog.naver.com/famosgym2/224179999893,"(속닥속닥) 제가 처음으로 렉스트림(REXTREME) 대회에 출전한 날이에요! &quot;Rextreme&quot; (ROCKET BATTERY EXTREME RACE)... 렉스트림 대회는 국내에서 열리는 하이록스 스타일의 피트니스 대회이고, 하이록스(러닝 + 기능성... ",파모스짐 단대오거리역점,blog.naver.com/famosgym2,20260211
"수유,태릉에 설날 연휴 3일 내내  운동할 수 있는 곳이 있다고 ?",https://blog.naver.com/crossfitrnl_su/224179871100,크로스핏추천 #크로스핏후기 #크로스핏체험 #하이록스 트레이닝 #크로스핏일상 #헬스운동 #체력운동 #다이어트운동 #하이록스 #런앤리프트 태릉#런앤리프트#렉스트림 #먹골크로스핏 #태릉크로스핏,⠀⠀,blog.naver.com/crossfitrnl_su,20260211
2026. 01 일상 덤프,https://blog.naver.com/e5180419/224172513803,"오전에 운동하고, 렉스트림 연습 후 민석, 어코치님 렉스트림 멤버들과 돈까스 먹었다- 먹으면서 들은 썰. 어코치님 여기 주3회 간다고.. ꉂ︎ 1월 19일 주원생일~ 다같이 주원생일기념 와드 했다. 와드 내가... ","제인이의 운동, 맛집 그리고 일상",blog.naver.com/e5180419,20260205
피트니스 레이싱경기 렉스트림 [크로스핏 빅풋 장안점],https://blog.naver.com/crossfitbigfoot/224172050575,경기 렉스트림에 참여했습니다 티켓을 지원해준 천칼클럽 덕분에 짧은 준비기간이었지만 멤버들과 함께 준비하며 참여했어요 1월 말부터 다녀온 하이록스 경기를 위해 준비도 할겸 참여한 렉스트림경기입... ,크로스핏 빅풋 장안점,blog.naver.com/crossfitbigfoot,20260205
렉스트림(Rextreme) 대회 후기✅,https://blog.naver.com/crossfitrnl_su/224171320070,"크로스핏 알앤엘, 렉스트림 대회 참가 후기 결과보다 값졌던 하루 회원들보다 먼저, 코치가 먼저 뛰었습니다 이번 렉스트림 대회에는 수유 크로스핏 알앤엘 코치 3명이 참가했습니다. 이번 대회에는 회원분들... ",⠀⠀,blog.naver.com/crossfitrnl_su,20260204
[용산PT] 한국판 하이록스 렉스트림(Rextreme) 개인전... ,https://blog.naver.com/fitmentor/224170475566,[용산 PT] 한국판 하이록스 렉스트림(Rextreme) 1회 개인전 꿀팁과 후기 안녕하세요. 용산 PT 프리미엄 스튜디오 파프짐의 매니저 정의성입니다. 1월 24일 로케트배터리에서 주최하는 한국판 하이록스! 렉스트림... ,근육둥이 정의성,blog.naver.com/fitmentor,20260204
1월 마무리 좋았뙇,https://blog.naver.com/zeungm1n/224170650452,체육관 신년회 있던 날. 퇴근 - 욱이 만나서 제품 수령 - 카페 꽤나 바쁘게 와랄라 돌아다닌 오후. 진짜 오랜만에 온 어포인트커피. 늘 올때마다 너무 정다운 아지트 느낌 늘 그대로 자리 지켜주시는 사장님... ,¿,blog.naver.com/zeungm1n,20260203
qhr 많이 받으세요,https://blog.naver.com/dayjisu/224170555971,새해 첫 주말에는 연탄봉사를 했어요~~ 손은 시려워도 마음은 따뜻했던 하루 개쩌는 보리굴비정식 아저씨만나면 보리굴비 데이트 해야돼 사람들이 여길 보사오라고 부르던데 렉스트림이라고 하이브리드... ,Bare Minimum Club,blog.naver.com/dayjisu,20260203
[광화문하이록스] 2026.02.04 (수) WOD,https://blog.naver.com/crossfitsuperbomb/224170333397,"국내에서는 렉스트림 / 하이브리드 파워 게임즈 가 열리고 있습니다. 기본적으로는 동작들도 비슷비슷합니다. 렉스트림 , 하이브리드 파워 게임즈에는 슬레드가 빠지고 덤벨스내치... ",광화문 유일 크로스핏 슈퍼밤,blog.naver.com/crossfitsuperbomb,20260203
[하이록스 훈련] 하이록스 훈련 1주차 week 1 훈련... ,https://blog.naver.com/ohj2962/224170122562,하면서 함다 시훈이랑 기겁함 근데 사실 나 빼고 둘 다 너무 잘함 나만 잘하면 돼ㅠ (렉스트림 데자뷰가...) 아 그리고 한 명이 스키를 타는 동안 나머지 두 명은 이렇게 원판 들고 버티기를 합니다 얼른... ,련주의 하루,blog.naver.com/ohj2962,20260203
렉스트림 티켓 규칙 관람 후기,https://blog.naver.com/alonelee_/224169998908,이번에 렉스트림은 풍문으로 들으니 F45 관련 있는 분이 직접 개최했다는 말이 있었어요. 그래서 그런지 대회 MC를 맡은 분들이 F45와 관련 있는 분들이 진행을 맡아서 하더라고요. [렉스트림 경기 소개]... ,운동하는 비하이,blog.naver.com/alonelee_,20260203
다양한 프로그램 ! 재밌는 다이어트 ! 태릉 런앤리프트 !,https://blog.naver.com/crossfitrnl_su/224168518138,"앞으로 자주 인사드리겠습니다  이번 주 블로그 이야기입니다  저번 주에는 렉스트림 대회 후기를 다뤘었는데요, 생각보다 많은 회원분들께서 “렉스트림 대회가 어떤 대회예요?” 하고... ",⠀⠀,blog.naver.com/crossfitrnl_su,20260202
0119-0125 : 처음 대회 나가본 크린이의 운동 일기 (+렉스트림... ,https://blog.naver.com/ryu_min_312/224168125789,안 올 줄 알았던 렉스트림 대회가 성큼 다가왔다 대회 연습 한 번 해보고 그냥 꾸준히 크로스핏 했다!... 1/23 대회 전날 휴식 1/24 기다리고 기다리던 렉스트림 대회! 우리는 5시 20분 스타트여서 낮에 푹 자고... ,류민의 쉬는시간,blog.naver.com/ryu_min_312,20260202
[광화문크로스핏] 2026.02.02 (월) WOD,https://blog.naver.com/crossfitsuperbomb/224167761676,WOD / RECORD(와드댓글) : www.crossfitsuperbomb.com 인스타그램: @crossfitsuperbomb 운동영상: @superbomb_archive CrossFit AMRAP 4MIN -Max pull up (Strict / Kipping / Butterfly) . . *4분동안 턱걸이를 최대한 많이... ,광화문 유일 크로스핏 슈퍼밤,blog.naver.com/crossfitsuperbomb,20260201
[일상] 26년 1월의 기록 | 먹고 운동하고 또 먹는 겨울 일상... ,https://blog.naver.com/journey_uu/224167606056,"재질도 얇고 찰랑찰랑해서 땀이 금방 마를 것 같았음 코치님이 렉스트림 1등도 하셨더라고요?! 하이록스 플래그도 있었어요! 싱기방기 운동하는 공간은 다른 분들이 많아서 사진 패쓰,,, 근데,,, 화이트보드에... ",ㅇUㅇ 일상 기록,blog.naver.com/journey_uu,20260201
로케트배터리 익스트림 레이스 렉스트림 4인 혼성팀전 참가 후기,https://blog.naver.com/yusoom_log/224167555944,2026년 1월 24일 토요일 일산 킨텍스에서 열린 렉스트림 대회에 다녀왔다! 저는 4인혼성팀전으로... 저는 이번 렉스트림 4인조에서 스키를 맡게된 막내로 스키에르그 타면서 몸 풀기 완료. 우리 팀 카이론 몸풀기... ,유쑴로그,blog.naver.com/yusoom_log,20260201
[2026 REXTREME]피트니스 레이스 참가 후기,https://blog.naver.com/70w1n/224167334830,"그 와중에 세방전지(로케트배터리)가 주최하는 하이브리드 피트니스 레이스 REXTREME(렉스트림)을 알게 되었고, 망설임 없이 도전해 보고자 참가하게 되었습니다. REXTREME 대회 소개 렉스트림(REXTREME)은... ",7raining 0ltre Winning,blog.naver.com/70w1n,20260201
뭐했다고 벌써 1월이 다 지나갔는고,https://blog.naver.com/joliej92/224166934051,나름 렉스트림 준비한다구 살 빠지지 말자고(ㅋㅋㅋㅋㅋㅋㅋ) 친구들과 다짐했기 때문에 열심히... 우리의 렉스트림 단체티 ㅋㅋㅋㅋㅋㅋㅋㅋㅋ 진짜 솔직히 대회날 우리 단체티가 젤 귀여웠다 원래는... ,인생 아카이빙,blog.naver.com/joliej92,20260131
포토월대여 일산킨텍스 렉스트림대회 트러스 응급센터부스 제작,https://blog.naver.com/rental-free_/224165490261,오늘은 일산 킨텍스에서 진행된 렉스트림(REXTREME) 대회에서 활용하기 위해 트러스구조물로 제작된... 렉스트림은 크로스핏을 기반으로 한 팀중심의 기능성 피트니스 대회라고 하는데요. 부상자를 위한... ,렌탈프리 - 행사용품대여 렌탈전문업체,blog.naver.com/rental-free_,20260130
렉스트림 피트니스 레이스 혼성 참가 후기ㅣ렉스트림이란?... ,https://blog.naver.com/ohj2962/224165097147,"오늘은 최근에 제가 참가한 렉스트림(Rextreme) 피트니스 대회 후기를 써보려고 합니다 저는 4인 혼성 팀전으로 참가했어요! 렉스트림(Rextreme)이란, 크로스핏 기반 피트니스 대회로 웨이트 + 기능성 운동이 결합된... ",련주의 하루,blog.naver.com/ohj2962,20260130
장안사거리 그룹트레이닝 헬스 하이록스 크로스핏 [크로스핏... ,https://blog.naver.com/crossfitbigfoot/224163790111,안녕하세요 크로스핏 빅풋 장안점 노아코치입니다 저번에는 천칼멤버 3명이 박스로 놀러왔어요 주말에 했던 렉스트림 경기를위해 운동하러 온거였고 곧 다음 포스팅에 렉스트림 경기 후기를 올리겠습니다... ,크로스핏 빅풋 장안점,blog.naver.com/crossfitbigfoot,20260129
2026년 반가워..,https://blog.naver.com/rananng_/224162829004,맘에 들었던 안경..가격은 마음에 안듬.. 옹심이와 메밀전..잘 먹고 다니고요.. 네.. 렉스트림 구경하러 갔는데 응원 재밌다!!! 5월 하이록스 잘 준비하자.. 갓범석도 만났어요..ㅎㅎㅎ 신기.. 올해 목표 ::,기록용 블로그,blog.naver.com/rananng_,20260128
불도저 체육관 2026 로케트배터리 익스트림 레이스... ,https://blog.naver.com/say3205/224162700892,"안녕하세요. 불도저체육관입니다  지난주 24일 토요일 일산 킨텍스에서 열린 로케트배터리 익스트림 레이스 - REXTREME에 불도저 체육관이 다녀왔습니다!  남자 3인 팀전 1팀, 여자 3인... ",불도저체육관,blog.naver.com/say3205,20260128
모르겠고 파이팅하는중입니다 . 허허,https://blog.naver.com/pi03156/224161784300,이렇게 펑펑 내리니 오히려 좋아 요즘 나의 성장기 무에타이 6년 7년 되는데 이제서야 성장하는 ing 지켜봐주세욧 ✎﹏﹏﹏﹏그리고 토요일에 있었던 ‘ 렉스트림 ’ 블로그... ,✿˘◡˘✿,blog.naver.com/pi03156,20260127
26.01.19.-26.01.25.(154주차),https://blog.naver.com/athoho13/224161608622,Pull Up A - Done / S2OH 때문에 A로 했는데 그래도 넘 빡셌당;;; 26.01.23.(금) - 렉스트림이 있어서 운동 패스 26.01.24.(토) 렉스트림 참가 ! 월 화 목 토 운동 완 !!!@!@,athoho13님의블로그,blog.naver.com/athoho13,20260127
제 1회 렉스트림(Rextreme) 대회 저지 후기,https://blog.naver.com/sally5668/224161486051,노동의 현장..개미는 뚠뚠 하이록스가 하도 유명해져서 렉스트림이랑 뭐가 다른거냐고 물어보는 사람이... 하이록스 렉스트림 둘 다 로잉 저지.. 이제 그만 해도 될 것 같아요^^^ 다음은 스키일까 로잉 옮기다가... ,두팔LOG,blog.naver.com/sally5668,20260127
"하이록스급 피트니스 레이스, 렉스트림｜스포플이 함께한 현장... ",https://blog.naver.com/naum7575/224161374607,"결론부터 말하면, 렉스트림은 ‘기록보다 컨디션 관리가 중요한 대회’였습니다. 고중량·고반복... 이번 렉스트림 대회에서 스포플은 결승 진출자 대기실이자 웜업·릴리즈 공간인 ‘VIP 컨디셔닝 존’을... ",스포플,blog.naver.com/naum7575,20260127
[F45 낙성대] 1월 4주차 - 400회 달성!! REXTREME 출전! C50... ,https://blog.naver.com/kwen1030/224161285083,"곧 400회인데, 렉스트림으로 다음주 월요일에 달성하지 않을까 싶다 ㅎㅎ 업라이트로우 왠지 조아 불스스 왠지 좋아 내가 이 구역의 따봉충 피곤해요 어쩌다 용주님과 200 기념티 퓨전 월요일 같은... ",두근두근 세동동,blog.naver.com/kwen1030,20260127
제1회 렉스트림 출격 ! ⚡️,https://blog.naver.com/pi03156/224159975301,우선 이번에 나간 제1회 대회 #렉스트림 을 소개하겠습니다 ^.^ ‘ REXTREME ’은 ROCKET 브랜드와 EXTREME의... 아쉬움 뒤로한 채 여기서 디저트페어는 마무리 이제 다시 여기 온 목적 렉스트림 하러 가야쥬 우리 팀... ,✿˘◡˘✿,blog.naver.com/pi03156,20260126
렉스트림(Rextreme) 대회 후기,https://blog.naver.com/crossfitrnl_su/224159781436,"지난 주말 토요일, 수유·용산·태릉 지점 코치진들끼리 렉스트림 대회에 다녀왔습니다. 회원님들께도 꼭 한 번은 말씀드리고 싶었던 경험이라 이렇게 블로그에 기록으로 남겨봅니다. 렉스트림이란?... ",⠀⠀,blog.naver.com/crossfitrnl_su,20260126
로케트배터리 익스트림 레이스 렉스트림 저지 후기,https://blog.naver.com/namoo576/224158809950,# 렉스트림 #렉스트림대회 #렉스트림저지 2025년 막바지 즈음 F45 범계 인스타에 이런 글이 올라왔어요. 렉스트림이라고 하이록스같은 피트니스 레이스인데 시뮬레이션을 범사오에서 한다는...!! 망설임없이 바로... ,그냥 쓰는 블로그,blog.naver.com/namoo576,20260125
46. 벌써 ? ??!! 1월이 끝이라고요 ? ?????,https://blog.naver.com/hajin4time/224158439726,"쳐다보는 강아지 모히컷 강아지 웃긴젤리를 사온 서윤 나보다 더 사람같이 자는 강아지 .. #렉스트림 긴장감 없는 대회 배째님이 사주신 젤리,, 사랑그거지모에요.., 귀여운 코끼리도 보여주시고 ,, 이제진짜잘 살자",놀러와요 앵두의 숲,blog.naver.com/hajin4time,20260124
0111-0118 : 렉스트림 대회 신청하고 후회하는 크린이의 운동... ,https://blog.naver.com/ryu_min_312/224157598056,우연히 유튜브 보다가 렉스트림 대회가 있다는 걸 알았다 같이 운동하는 동생에게 이거 해볼만할 것... 1/11 렉스트림 맛보기 룰 숙지를 위해 하프로 맛보기로 했다! DB GTO나 MD Ball Over나 샌드백 셔틀런은... ,류민의 쉬는시간,blog.naver.com/ryu_min_312,20260123
버티고 살아 남는게 강한거라며.,https://blog.naver.com/zeungm1n/224155975993,앞으로 여긴 아몬드라떼만 먹으러 와야징 ㅋㅋㅋㅋㅋㅋㅋ 토요일에 출전하는 한국식 하이록스 렉스트림. 아니 팀 경기인데.. 왜 한 종목당 1명이 진행해야하는거야ㅜㅜ,¿,blog.naver.com/zeungm1n,20260122
제 1회 2026 Rextreme(렉스트림)  한국판 하이록스의 등장... ,https://blog.naver.com/goncci/224153927863,(rextreme)렉스트림'을 개최하였습니다. 기존에 '하이록스'라는 대회가 열풍을 일으키고 있는데 그와 비슷한 종목으로 구성되어 있는데요. 저와 함께 렉스트림은 무슨 대회인지 하이록스와 무엇이... ,goncci님의 블로그,blog.naver.com/goncci,20260121
&lt;크로스핏 빅풋 장안점&gt; 렉스트림 경기준비 남산러닝,https://blog.naver.com/crossfitbigfoot/224152659195,다가온 렉스트림 경기를 위해 팀 멤버가 훈련을 했어요 재밌는 추억 만들기위해 좋은 기회로 지원해준 천칼클럽에도 감사합니다 열심히 하고 올게요! #다이어트 #크로스핏 #크로스핏빅풋장안점 #헬스... ,크로스핏 빅풋 장안점,blog.naver.com/crossfitbigfoot,20260120
2026.01.16(금) CONNECTION DAILY NEWS,https://blog.naver.com/agencyconnection/224151668164,"업계동향(Industry Insight) 01. 신세계프라퍼티, 센터필드 매각 반대 입장 표명 신세계프라퍼티는 이지스자산운용이 센터필드를 일방적으로 매각하려는 시도에 강력 반대한다. 매각은... ",에이전시커넥션,blog.naver.com/agencyconnection,20260119
2026. 1. 19.  패션 브리핑,https://blog.naver.com/fashon1/224151456616,‘마운티아’ 피트니스 레이스 렉스트림 후원 ‘마운티아’가 오는 24일 열리는 하이브리드 피트니스 레이스 대회 ‘렉스트림’ 공식 협찬사로 참여한다. 1월 24일 일산 킨텍스 8B홀에서 개최되는... ,공유경제형 패션 플랫폼 미디어패션쇼,blog.naver.com/fashon1,20260119
"도쿄&amp;도쿄소도시 가마쿠라 여행 3박4일 3,4일차",https://blog.naver.com/ezniworld/224150913456,한마리 배달시켜서먹은 방어회 머리까지 구워서 야무지게 사실 이날 렉스트림 와드도 해보아소 아주 굶주려서 많이먹은날 (여기에 러닝에 메이헴 프로그램까지) 다음날 또 방어초밥해서 먹기 남편표 계란찜... ,ezniworld의 일상 zip.,blog.naver.com/ezniworld,20260118
동대문구 장안사거리 그룹pt 재밌게 운동 할 수 있을때 하자!,https://blog.naver.com/crossfitbigfoot/224150426848,안녕하세요 빅풋 트레이닝 클럽 크로스핏 빅풋 장안점 입니다 다음주 있을 렉스트림 경기준비로 저번에 시뮬레이션을 했어요 팀전으로 나가게 됐는데 열심히 하고 오겠습니다 멤버들과 재밌는 추억 쌓기... ,크로스핏 빅풋 장안점,blog.naver.com/crossfitbigfoot,20260118
철산동그룹PT 새벽부터 밤까지 다양한 프로그램이있어... ,https://blog.naver.com/quacksalver7/224149839921,슬램볼 &amp; 버피테스트 이건 렉스트림 대회의 종목 중 하나 입니다. https://www.rextreme.kr/ko 우리모두 강해지셨습니다! 16키로 슬램볼로 운동을 수행해주셨습니다!! 이 또한 개별성의 맞게... ,KOREA_CLASS,blog.naver.com/quacksalver7,20260117
‘마운티아’ 피트니스 레이스 렉스트림 후원,https://blog.naver.com/fashon1/224148512686,‘마운티아’가 오는 24일 열리는 하이브리드 피트니스 레이스 대회 ‘렉스트림’ 공식 협찬사로 참여한다. 1월 24일 일산 킨텍스 8B홀에서 개최되는 ‘렉스트림’은 단순 체력 측정을 넘어 끝까지 완주하는... ,공유경제형 패션 플랫폼 미디어패션쇼,blog.naver.com/fashon1,20260116
REXTREME(렉스트림)룰설명/레이스순서/다옴짐/HYROX... ,https://blog.naver.com/songi9834/224146663219,렉스트림 훈련도 다옴짐에서! #신년이벤트 중입니다! 상담환영 010 **** **** 체험이벤트 중이니 부담없이 문의 주세요^^ 등록하시는 모든 분들께 선물도 증정합니다(선착순),운동하고 먹고 즐기자,blog.naver.com/songi9834,20260114
레이스' 남녀노소 즐길 수 있는 렉스트림 레이스 같이 참여해요,https://blog.naver.com/team410_official/224146352315,"‘로케트배터리 익스트림 레이스’ 입니다 출처: 홍범석 유투브 일명 ‘렉스트림’ 이라고... 일명 '렉스트림' ✔️주최: 로케트배터리(세방전지) ✔️목적: 배터리 기술을 넘어 체력, 근성, 전략을 결합한... ",가경/강서동 그룹트레이닝 센터 team410,blog.naver.com/team410_official,20260114
[철산 위무브 그룹PT] 두바이 쫀득 쿠키...,https://blog.naver.com/we_move_training1350/224143337325,안녕하세요❗️❗️❗️ 위무브 트레이닝입니다 2026년 벌써 1월 중순이 지나가고 있습니다. 두바이 쫀득 쿠키가 엄청 유행이 되면서 사람들이 많이 웨이팅도 하시고 사서 많이 드시는... ,WEMOVE TRAINING,blog.naver.com/we_move_training1350,20260112
"F45광화문, F45 운동 후기｜헬스랑 뭐가 다를까? 처음 해본... ",https://blog.naver.com/noyounmi/224138258803,"특별히 이날은 어느 일요일 한남 헤드코치님의 스트랭스 훈련 클래스였고 정말 데드리프트와 스쿼트에대해 제대로 배웠어요 하이록스, 렉스트림 등등 전국적으로 열리는 (하이록스는 잘 모르겠지만..... ",기적의 노트(함께하는 운동심리치료),blog.naver.com/noyounmi,20260107
[우당탕탕 크로스핏.]-12월. 2025년의 마지막 달. 편.,https://blog.naver.com/jbr0704/224136546566,"렉스트림 대회 와드는 이렇게 하는 거로 탕탕! 근데 코치님께서 한 번 다 재본다음에 결정하는게 좋을... 용코치님과 함께 렉스트림 대회 연습,, 12월도 열시미 했다!!!!! 2025년 안녕!!!!!!!!!!!!!!! 안녕이다!!!!!!!!!!... ",호잇,blog.naver.com/jbr0704,20260106
로케트배터리가 만든 한국형 하이록스 렉스트림(Rextreme)... ,https://blog.naver.com/fitmentor/224134741812,"로케트배터리가 만든 한국형 하이록스 렉스트림(Rextreme) 시뮬레이션 현장 안녕하세요. 도전과... 한국형 하이록스 렉스트림(Rextreme)의 종목을 간단히 소개해 드릴게요. Rowing 1,500m 첫 종목은 로잉 1... ",근육둥이 정의성,blog.naver.com/fitmentor,20260105
2025년 한해 고생하셨습니다! 광명프리미엄그룹PT,https://blog.naver.com/quacksalver7/224129505922,0940분 타임 남자 회원님은 이번에 렉스트림 대회에 신청하였습니다. 운동을 열심히 하고 계십니다. https://www.rextreme.kr/ko 로잉머신 파이팅있게 땡겨주시고 계십니다. 우리 철산동 프리미엄 그룹PT... ,KOREA_CLASS,blog.naver.com/quacksalver7,20251231
[철산/하안동] 위무브트레이닝센터 그룹PT 해보자!,https://blog.naver.com/quacksalver7/224126695071,함께 움직이는 순간 힘이 된다. 위무브트레이닝센터 입니다. 철산역 1번 출구 하이마트 바로 옆에 위치하고 있습니다. 1층에 편의점도 있고 해서 편의성이 아주 좋습니다. 오늘은 몸풀기로 줄넘기를 진행... ,KOREA_CLASS,blog.naver.com/quacksalver7,20251229
일산정발산그룹피티 F45 일산점 춥지만 운동은 뜨겁게!,https://blog.naver.com/boom_112679/224120157613,특징은 렉스트림(LEXTREME) 공식 파트너 센터라는 점이에요 전문적인 트레이닝 시스템을 기반으로 대회를 준비하는 멤버들도 함께 운동하고 있어서 센터 전체의 에너지가 남다르더라구요 운동하는 내내... ,인생은 기세다,blog.naver.com/boom_112679,20251223
F45 광화문 X 렉스트림 한국판 하이록스 피트니스 레이스,https://blog.naver.com/f45ghm/224110318927,안녕하세요. F45 광화문점입니다. 지난 12월 14일 광화문 스튜디오에서는 하이브리드 피트니스 레이스 'REXTREME' 체험 클래스가 열렸습니다! 클래스 끝난 후 모든 멤버들이 몸져 누웠다는 전설의... ,F45 광화문 공식 블로그,blog.naver.com/f45ghm,20251215
[12월 2주차] 일주일 분량 초과,https://blog.naver.com/rlathdud2112/224108910460,아 ㅋㅋㅋㅋㅋㅋ 댕웃기고 댕귀여움 렉스트림 무슨 배터리 대회 맛보기... 유산소 해야겠다. 다경 언니가 치즈빵? 나눠 줬는데 어떻게 이렇게 촉촉하고 맛있어?!?! 그 맛에 감동받아서 최근에 여기 다녀옴.... ,YOUNG,blog.naver.com/rlathdud2112,20251214
[하이록스 준비] 다이어트 시작 + 6km 러닝 (with. 호카... ,https://blog.naver.com/workoutlife/224107623261,"일단 1월 렉스트림, 4월 하이브리드, 그리고 5월 하이록스까지 〰️ 최종 목표는 하이록스 기록 갱신이기 때문에, 5월까지 천천히 체력을 올려보려 한다  하이록스 준비의 시작, 다이어트 하이록스는 러닝의... ",땀방울의 적분,blog.naver.com/workoutlife,20251212
와리가리,https://blog.naver.com/lionkim10/224101818297,너머 멀리에 가있네 여기에는 아무도 안 올 테니 그냥 집으로 돌아갈래 데이즈드 앤 컨퓨즈드 Dazed &amp; Confused Korea 뮤직앤뮤지션 A형 (표지 : 뉴진스 하니) 2024렉스트림(잡지),lionkim10님의블로그,blog.naver.com/lionkim10,20251208
[하이록스]렉스트림 rextreme하이브리드 피트니스 레이스... ,https://blog.naver.com/ldw8364/224099173339,안녕하세요 원도입니다 26년도 첫 오프라인 대회인 렉스트림을 총 정리 해봤습니다 모든 정보는 렉스트림 인스타에서 가져왔음을 알립니다 렉스트림은 크로스핏과 하이록스 사이에 있는듯한 신종 피트니스... ,운동 • 다이어트 • 건강,blog.naver.com/ldw8364,20251205
[2026 대회] 렉스트림 rextreme 대회 정리,https://blog.naver.com/workoutlife/224094718596,"2026 렉스트림 [하이록스 준비] 2026 렉스트림 rextreme 대회 정리 하이록스가 지금처럼 유명하지 않았던 시기에 친한 언니와 대회를 나가서 20대 1등을 했었는데, 이번에 그 기록을 갱신하고... ",땀방울의 적분,blog.naver.com/workoutlife,20251201
REXTREME F45둔촌 × F45을지로 × F45성수 연합(?)운동회,https://blog.naver.com/gymdory/224093113417,서로 다른 팀이지만 같은 목표의 도전자들을 가진 세 지점이 모여 #REXTREME 맛보기 연합 운동회를 진행했어요 지금부터 그 스토리 시오-시작 YTN 마라톤이 진행되고 있던 어느 일요일 아침 흔한 청계천 앞... ,Gymdory in the House,blog.naver.com/gymdory,20251130
"사쿠야 생파 초대됨 ㅎ :: 서울 사쿠야 생일카페 투어, 생카... ",https://blog.naver.com/yuool1649/224077856992,데이즈드 앤 컨퓨즈드 Dazed &amp; Confused Korea 2025 걸 에디션 A형 2025 (표지 : 아일릿) 렉스트림 편집부2025렉스트림(잡지) 그리고 데이즈드 앤 컨퓨즈드 25년 8월호 엔시티위시 화보 짱이쁨이 ㅎ 한번씩 봐주십시오... ,휴식 아티스트 킹율,blog.naver.com/yuool1649,20251116
"K-패션·푸드·뷰티, 한류와 결합해 수출 성장동력 육성",https://blog.naver.com/baedalkuk/224073876428,확장되며 수출 증대 효과가 나타나고 있다”며 “정부의 체계적 지원을 통해 중소기업 제품의 해외 진출을 가속화하겠다”고 덧붙였다. 데이즈드 앤 컨퓨즈드 뷰티 에디션(2025) 렉스트림 편집부2025렉스트림,예쁜집 예쁜세상,blog.naver.com/baedalkuk,20251112
"츄, 패션 매거진 ‘데이즈드’ 11월호 통해 첫 해외 화보 공개",https://blog.naver.com/gangnamtoday/224048052739,공개 렉스트림의 패션과 문화를 기반으로 독창적인 콘텐츠를 선보이는 매거진 ‘데이즈드(DAZED)’가... 렉스트림 소개 렉스트림(데이즈드 코리아)은 가장 창의적이고 자유로운 방식을 통해 궁금증을... ,GangnamToday,blog.naver.com/gangnamtoday,20251021
[Magazine] 데이즈드 앤 컨퓨즈드 Dased&amp;Confused Korea... ,https://blog.naver.com/nice_book/224022399865,"1) 일반적인 소개 - 발행사: ㈜렉스트림 - 발행주기: 월간 - 잡지 성격: 패션·컬처 매거진 (영국 Dazed &amp; Confused 한국판 라이선스) - 주요분야: 패션, 아트, 음악, 영화, 라이프스타일, 젊은 문화 트렌드 2) 특징 및... ",나이스북,blog.naver.com/nice_book,20250926
생애 최초 내돈내산 00,https://blog.naver.com/milkiewhite/223998901490,저자 렉스트림 편집부 출판 렉스트림(잡지) 발매 2025.05.30. 잡지 입니다 두둥 사실 글감을 첨부하긴 했는데 최근 발매된 거라 그런지 아니면 종류가 너무 많아서 그런 건지 정확한 버전이 글감... ,~On and On~,blog.naver.com/milkiewhite,20250907
강남구 논현동 김민주스튜디오 렉스트림 셀럽도시락... ,https://blog.naver.com/alzipsand/223958467820,모닝 알~모닝 핑거푸드 케이터링 알집 모닝메이트에요 오늘은 강남구 논현동 김민주스튜디오 렉스트림으로 보내드린 셀럽도시락 연예인도시락 핑거푸드도시락 3단도시락 메뉴들을 소개해 드릴게요... ,알집모닝메이트,blog.naver.com/alzipsand,20250804
한국콘텐츠진흥원 지스쿨 시스템 운영 관리 위탁용역 사업공고... ,https://blog.naver.com/nuridata-kr/223858886019,"주식회사 렉스트림 2588700804 | 이겸 보유실적 : 총1건, 597,180,000원 69 주식회사 스페이스몽키디자인 2118809991 | 김태현 보유실적 : 총1건, 534,828,000원 70 (주) 제이레퍼토리 2378100260... ",나라장터 입찰정보 공유,blog.naver.com/nuridata-kr,20250508
한국콘텐츠진흥원 2025 콘텐츠수출마케팅플랫폼 이용활성화... ,https://blog.naver.com/nuridata-kr/223833040710,"주식회사 렉스트림 2588700804 | 이겸 보유실적 : 총1건, 597,180,000원 68 주식회사 스페이스몽키디자인 2118809991 | 김태현 보유실적 : 총1건, 534,828,000원 69 (주) 제이레퍼토리 2378100260... ",나라장터 입찰정보 공유,blog.naver.com/nuridata-kr,20250414
가오픈 맛집 카페 이게 맛집 아닌가! 25.04.05,https://blog.naver.com/cjboa-/223825244571,"42평  서울특별시 성동구 상왕십리동 811 텐즈힐  서울특별시 성동구 마장로 137, 221동 1층 1144,1145호 (상왕십리동, 텐즈힐) ✅ 주식회사 렉스트림 모스지점 일반음식점 기타  약 27.67평  서울특별시... ",매일매일 새로 생기는 맛집과 카페를 알려드림,blog.naver.com/cjboa-,20250407
구찌 가방 하츠투하츠 연예인패션 화보,https://blog.naver.com/south0429/223771663385,하츠투하츠도 데이즈드도 많관부! 데이즈드 앤 컨퓨즈드 걸 에디션 A형 [2025] 저자 렉스트림 편집부 출판 렉스트림 발매 2025.02.21. 출처 : DAZED 공식홈페이지 #연예인가방 #연예인패션 #구찌 #구찌가방,남쪽구슬,blog.naver.com/south0429,20250224
한국콘텐츠진흥원 2025년 콘텐츠가치평가 데이터... ,https://blog.naver.com/nuridata-kr/223767667927,"주식회사 렉스트림 2588700804 | 이겸 보유실적 : 총1건, 597,180,000원 66 주식회사 스페이스몽키디자인 2118809991 | 김태현 보유실적 : 총1건, 534,828,000원 67 (주) 제이레퍼토리 2378100260... ",나라장터 입찰정보 공유,blog.naver.com/nuridata-kr,20250220
"보이 에디션 : H형 투어스 경민 [2024], 렉스트림, 렉스트림",https://blog.naver.com/8j7rgn5l/223571271106,"데이즈드 앤 컨퓨즈드 보이 에디션 : H형 투어스 경민 [2024], 렉스트림, 렉스트림 편집부  하단에 사진을 클릭하면 이동합니다  데이즈드 앤 컨퓨즈드 보이 에디션 : H형 투어스 경민 [2024], 렉스트림... ",신비한 경제공부의 세계,blog.naver.com/8j7rgn5l,20240903
[100자평] 데이즈드 앤 컨퓨즈드 Dazed &amp; Confused Korea... ,https://blog.aladin.co.kr/767731181/15800863,데이즈드 앤 컨퓨즈드 Dazed &amp; Confused Korea 뷰티에디션 D형 (표지 : 변우석) ㅣ 데이즈드 뷰티 에디션 2024년 렉스트림 편집부 지음 / 렉스트림(잡지) / 2024년 8월 평점 : 품절 소장용으로 한 권 더 지름... ,[김미영님의 서재] : 알라딘,https://blog.aladin.co.kr/767731181,20240826
한국콘텐츠진흥원 「콘텐츠산업 구조 분석 및 분류체계... ,https://blog.naver.com/nuridata-kr/223561049419,"주식회사 렉스트림 2588700804 | 이겸 보유실적 : 총1건, 597,180,000원 99 주식회사 스페이스몽키디자인 2118809991 | 김태현 보유실적 : 총1건, 534,828,000원 100 (주) 제이레퍼토리 2378100260... ",나라장터 입찰정보 공유,blog.naver.com/nuridata-kr,20240826
lululemon 룰루레몬 세일 미국 공홈 직구! 스쿠바 후드 집업... ,https://blog.naver.com/ssoyazzoya/223553365157,&gt;&gt;scuba full zip cropped hoodie 테이퍼드 레그 미드 라이즈 팬츠 럭스트림 $128&gt;59 신축성이 좋아 편안한 활동이 가능하면서 블랙 컬러의 모던한 디자인으로 가볍게 입기 좋은 렉스트림 소재의 팬츠는 입어보신... ,쏘야쪼야,blog.naver.com/ssoyazzoya,20240819
한국콘텐츠진흥원 「2023~24년 한국콘텐츠진흥원... ,https://blog.naver.com/nuridata-kr/223552906065,"주식회사 렉스트림 2588700804 | 이겸 보유실적 : 총1건, 597,180,000원 98 주식회사 스페이스몽키디자인 2118809991 | 김태현 보유실적 : 총1건, 534,828,000원 99 (주) 제이레퍼토리 2378100260 | 우상준... ",나라장터 입찰정보 공유,blog.naver.com/nuridata-kr,20240819
[100자평] 데이즈드 앤 컨퓨즈드 Dazed &amp; Confused Korea... ,https://blog.aladin.co.kr/791215138/15777507,데이즈드 앤 컨퓨즈드 Dazed &amp; Confused Korea 뷰티에디션 A형 (표지 : 변우석) ㅣ 데이즈드 뷰티 에디션 2024년 렉스트림 편집부 지음 / 렉스트림(잡지) / 2024년 8월 평점 : 품절 배송이 좀 느려서 살짝 화가... ,[민서맘04님의 서재] : 알라딘,https://blog.aladin.co.kr/791215138,20240817
에디션 SWITCH 원피스 오디세이 디럭스 에디션 &amp; 데이즈드 앤... ,https://blog.naver.com/qghhbxjnc615/223544820895,"변우석, 렉스트림, 렉스트림 편집부  상품가격  ↓ 20,000원 ↓ 5% 할인 ↓ 19,000원 로켓배송 (유/무) ❌ (⭐별점⭐ 총 0점 | 상품후기 0개)  제품의 특징을 알아보자!  ✔️ 인기 배우 변우석이 표지 모델로... ",[]스피드헌터,blog.naver.com/qghhbxjnc615,20240812
데이즈드 앤 컨퓨즈드 코리아 Dazed &amp; Confused Korea F형... ,https://blog.naver.com/mightyeyes/223494331468,Korea 노윤서 F형 2024년 6월호 저자 편집부 출판 렉스트림 발매 2024.06.20. #데이즈드앤컨퓨즈드 #DazedConfused #데이즈드앤컨퓨즈드코리아 #DazedConfusedKorea #한정판잡지 #잡지표지 #노윤서,닥터 스레쉬,blog.naver.com/mightyeyes,20240628
"[행사입찰]6월 첫째 주 행사유찰, 행사입찰",https://blog.naver.com/eventnet00/223474281923,"(주) 렉스트림 13 2024년 취업 연계형 인턴십 운영 충남대학교 267,847,273 (주) 맥시머스 14 2024년 제17회 경상북도 세무공무원 지방세 세입정보 교류대회 행사 대행 용역 경상북도 영양군 31,818,182... ",이벤트넷_한국지역활성화연구소,blog.naver.com/eventnet00,20240610
"우석대학교 패션스타일링학과, 우수논문상 2편 수상",https://blog.naver.com/woosukuni/223462376323,"우수취업사례 • 조○재(2023, ㈜한성에프아이) • 이○원(2023, ㈜피플아이) • 이○규(2023, ㈜렉스트림,DAZED KOREA) • 김○정(2022, ㈜보테가베네타코리아) • 한○기(2022, ㈜신사유람단) 나를 알아주는 우석대학교",우석대학교 공식 블로그,blog.naver.com/woosukuni,20240529
일자리위원회 의  일감몰ㅇ아주기를 멈춰야 경제가 산다 이민주... ,https://blog.naver.com/tmosrt32/223451872408,"검색 데이즈드 앤 컨퓨즈드(DAZED &amp; CONFUSED): Loved(태양 민효린 화보집)(스페셜 에디션) 저자 편집부 출판 렉스트림 발매 2018.02.02. ‘낭닥’ 유연석·양세종→‘써니’ 강소라·민효린, 촬영은 끝나도... ",False Brain MRI,blog.naver.com/tmosrt32,20240520
아이들 민니 미우미우 화보 데이즈드 4월호,https://blog.naver.com/fkz02/223399205550,출판 렉스트림 발매 2024.03.26. 데이즈드 앤 컨퓨즈드 코리아 Dazed &amp; Confused Korea B형 (월간) : 4월 [2024] 저자 미등록 출판 렉스트림 발매 2024.03.26. 데이즈드 앤 컨퓨즈드 코리아 Dazed &amp; Confused Korea A형 (월간)... ,제제의 패션블로그,blog.naver.com/fkz02,20240329
출판 밀알복지 허스트중앙 중앙일보 에스 디자인하우스... ,https://blog.naver.com/esuccess/223391666126,(주)렉스트림 12위 (주)뉴스웨이 13위 에이치엘엘중앙(주) 채용중 14위 (주)대통기획 15위 (주)아이즈 16위 (주)가톨릭신문사 20위 (재)한국법령정보원 채용중 24위 (주)산업마케팅 채용중 26위 (주)덕천... ,뉴퍼블:뉴스가 퍼지는 블로그,blog.naver.com/esuccess,20240322
[베스트셀러] 24.2.13. ~ 24.2.19.,https://blog.naver.com/hae_ran9/223359752163,(B형) / 렉스트림 편집부 / 렉스트림 / 24.2.27. 봄의 폭풍과 몬스터 3 이처럼 사소한 것들 8 퓨처 셀프 ETS 토익 정기시험 기출문제집 1000 Vol. 4 Reading 생각이 너무 많은 어른들을 위한 심리학 9 항복론... ,기억의 언저리쯤,blog.naver.com/hae_ran9,20240220
&lt;탑스타뉴스&gt;'데이즈드 앤 컨퓨즈드'·'무례한 친구가... ,https://blog.naver.com/begtalent/223359533111,"10위 렉스트림 편집부 '데이즈드 앤 컨퓨즈드', 23위 크리스티나 퍼니발 '무례한 친구가 생겼어요', 25위 천상희 외 '선생님의 돈 공부', 33위 명랑쌤 이혜원 '외식보다 다채로운 집밥, 명랑쌤 비법... ","""BeGT"" 미래 가치를 높이는 기업",blog.naver.com/begtalent,20240220
[100자평] 데이즈드 앤 컨퓨즈드 B형 Dazed &amp; Confused... ,https://blog.aladin.co.kr/728893203/15174067,"데이즈드 앤 컨퓨즈드 B형 Dazed &amp; Confused Korea 2024.1 (표지 : TXT 범규) - 주요기사 : TXT, 노윤서, 서범준, 키, 닝닝 ㅣ 데이즈드 2024년 1월호 렉스트림 편집부 지음 / 렉스트림(잡지) / 2023년... ",[문은정님의 서재] : 알라딘,https://blog.aladin.co.kr/728893203,20231227
H1-KEY(하이키) 미니 2집 Seoul Dreaming 2023년 CD,https://blog.naver.com/gct2002kr/223215035005,"PERFORMANCE DIRECTOR 3DCOLORDOOBU, HOLICSSO PRODUCTION 스튜디오 렉스트림 (STUDIO L'EXTREME) CREATIVE DIRECTOR 이겸 (STUDIO L'EXTREME) M/V DIRECTOR 나승권 (SEOUL), 김성재 (불빛을 꺼뜨리지 마) (STUDIO L'EXTREME) M/V... ",남들사는 이야기,blog.naver.com/gct2002kr,20230918
우리 9월 아껴주시고 성원해주시고 후원해주시고 격려해주시고... ,https://blog.naver.com/pdsh/223214220283,착장 존나 내스타일 얼굴 헤어 존나 내스타일 노디기리 재림 렉스트림디렉터님 빅빅동의합니다 저날 그냥 모든게 내 이상형임 9.8 출근할때마다 음료 개땡김.. 이날은 참을 수 없었어요 네이밍 쥑임... ,* ੈ✩‧₊˚* ੈ✩‧₊,blog.naver.com/pdsh,20230918
"하이키(H1-KEY) 'SEOUL(Such a Beautiful City)(서울), 불빛을... ",https://blog.naver.com/idolounge/223203492125,"스튜디오 렉스트림 (STUDIO L’EXTREME) 뮤직비디오 감독 나승권 (SEOUL) (STUDIO L'EXTREME) 비주얼 디렉터 이남훈 사진작가 박상준 (STUDIO L'EXTREME), 김예영 아트워크, 디자인 강지웅, 묘카하라... ",아이돌뮤짘[IDMK],blog.naver.com/idolounge,20230905
[100자평] 데이즈드 앤 컨퓨즈드 Dazed &amp; Confused Korea B형... ,https://blog.aladin.co.kr/780718185/14855131,데이즈드 앤 컨퓨즈드 Dazed &amp; Confused Korea B형 2023.9 (표지 : 제로베이스원 성한빈) ㅣ 데이즈드 2023년 9월호 렉스트림 편집부 지음 / 렉스트림(잡지) / 2023년 8월 평점 : 품절 제로베이스원 성한빈... ,[gumdangnunim님의 서재] : 알라딘,https://blog.aladin.co.kr/780718185,20230825
2023년 8월 잡지부록 | 패션 8월호 더블유 데이즈드앤컨퓨즈드... ,https://blog.naver.com/hanainbook/223190491730,8 (표지 : 이민호 3종 중 랜덤) 저자 미등록 출판 렉스트림(잡지) 발매 2023.07.17. 데이즈드 앤 컨퓨즈드 Dazed Confused Korea 2023.8 (표지 : 이민호 3종 중 랜덤) 저자 렉스트림 편집부 출판... ,"하루의 끝, 책으로 채우는 시간.",blog.naver.com/hanainbook,20230822
[100자평] 데이즈드 앤 컨퓨즈드 Dazed &amp; Confused Korea B형... ,https://blog.aladin.co.kr/701231150/14847346,데이즈드 앤 컨퓨즈드 Dazed &amp; Confused Korea B형 2023.9 (표지 : 제로베이스원 성한빈) ㅣ 데이즈드 2023년 9월호 렉스트림 편집부 지음 / 렉스트림(잡지) / 2023년 8월 평점 : 품절 성한빈 표지라서... ,[이순미님의 서재] : 알라딘,https://blog.aladin.co.kr/701231150,20230822
[100자평] 데이즈드 앤 컨퓨즈드 Dazed &amp; Confused Korea B형... ,https://blog.aladin.co.kr/757138161/14829325,데이즈드 앤 컨퓨즈드 Dazed &amp; Confused Korea B형 2023.9 (표지 : 제로베이스원 성한빈) ㅣ 데이즈드 2023년 9월호 렉스트림 편집부 지음 / 렉스트림(잡지) / 2023년 8월 평점 : 품절 성한빈이 표지라니.... ,[김진실님의 서재] : 알라딘,https://blog.aladin.co.kr/757138161,20230815
"패션 MD는 뭘까? 취업 준비 방법, 자격증 준비 : 디자인자격증",https://blog.naver.com/under___stand/223167612806,데이즈드 코리아 (Dazed Korea) 2023년 8월호 / 표지 이민호 / 표지 랜덤 / 예약판매 저자 렉스트림 편집부 출판 렉스트림 발매 2023.07.26. 엘르 (ELLE) 2023년 7월호 D형(방향제) / 표지 GD / 별책 북인북... ,Ausitnlist,blog.naver.com/under___stand,20230727
